{"count": 51, "results": [{"id": 1, "name": "My side or your side?", "description": "\"If you change the way you look at things, the things you look at change.\" ~ Wayne Dyer\r\n\r\nnc mysideoryours.whitehacks.ctf.sg 80", "value": 50, "category": "Web", "hidden": 0, "type": "standard", "max_attempts": 0}, {"id": 2, "name": "Environmentally Friendly", "description": "This web service aims to save you time and trouble of finding the flag by straight up letting you view whatever \r\nfile you want on the system! It also saves electricity, and trees as well! Files are included locally (But batteries aren't).\r\n\r\nnc gogreen.whitehacks.ctf.sg 80", "value": 50, "category": "Web", "hidden": 0, "type": "standard", "max_attempts": 0}, {"id": 3, "name": "Kuuki: Reloaded", "description": "I found this website of a cookie lover. But it seems to me that the owner does not know the difference between Oreos and cookies. Help me retrieve his flag so that I can get his attention.\r\n\r\nnc kuuki.whitehacks.ctf.sg 80", "value": 100, "category": "Web", "hidden": 0, "type": "standard", "max_attempts": 0}, {"id": 4, "name": "Ping-Pong", "description": "Using the latest web technologies, I've built my very own ping machine so that I don't have to \r\nuse the terminal for that. What can go wrong? Prove to me that I can do more than just ping with this service.\r\n\r\nnc pingpong.whitehacks.ctf.sg 80", "value": 50, "category": "Web", "hidden": 0, "type": "standard", "max_attempts": 0}, {"id": 5, "name": "Skynet", "description": "Help the humans side take one for the team by stealing the flag from the robots army.\r\n\r\nnc robots.whitehacks.ctf.sg 80", "value": 50, "category": "Web", "hidden": 0, "type": "standard", "max_attempts": 0}, {"id": 6, "name": "Shell-shocked!", "description": "I've always like status monitors because I'm too lazy to SSH in and monitor system usage, \r\nbut my buddy always tells me that it is insecure. Why is that?\r\n\r\nnc seeshells.whitehacks.ctf.sg 80", "value": 100, "category": "Web", "hidden": 0, "type": "standard", "max_attempts": 0}, {"id": 7, "name": "Re-source-ful", "description": "May the source be with you.\r\n\r\nPS. If the flag has 2 parts, and they are `example_1` and `_example_2`, the flag will be `WHITEHACKS{example_1_example_2}` without quotes.\r\n\r\nnc sourceful.whitehacks.ctf.sg 80", "value": 50, "category": "Web", "hidden": 0, "type": "standard", "max_attempts": 0}, {"id": 8, "name": "My Inner D(a)emon", "description": "\"All of our d(a)emons must be faced sooner or later. The sooner that we do face our d(a)emons, \r\nthe easier it will be to face our d(a)emons.\" ~ The Truth of Reality, Tsunyota Kohet\r\n\r\nnc daemon.whitehacks.ctf.sg 22", "value": 150, "category": "OS", "hidden": 0, "type": "standard", "max_attempts": 0}, {"id": 9, "name": "Q1", "description": "What is the command that is used to check if host is online?", "value": 25, "category": "Basics", "hidden": 0, "type": "standard", "max_attempts": 0}, {"id": 10, "name": "Q2", "description": "What is the command that is used to print out the route taken for a particular traffic in Windows?", "value": 25, "category": "Basics", "hidden": 0, "type": "standard", "max_attempts": 0}, {"id": 11, "name": "Q3", "description": "What is the network address for 177.222.123.105/24 ?", "value": 25, "category": "Basics", "hidden": 0, "type": "standard", "max_attempts": 0}, {"id": 12, "name": "Q4", "description": "How many ports are there in a computer system?", "value": 25, "category": "Basics", "hidden": 0, "type": "standard", "max_attempts": 0}, {"id": 13, "name": "Q5", "description": "What command do you use to a locate particular file with certain name in Linux?", "value": 25, "category": "Basics", "hidden": 0, "type": "standard", "max_attempts": 0}, {"id": 14, "name": "Q6", "description": "What command do you use to pipe cat /etc/fstab to print out any line that contains 'ext4'?", "value": 25, "category": "Basics", "hidden": 0, "type": "standard", "max_attempts": 0}, {"id": 15, "name": "Q7", "description": "Which tool is used for network packet analysis?", "value": 25, "category": "Basics", "hidden": 0, "type": "standard", "max_attempts": 0}, {"id": 16, "name": "Q8", "description": "Which command in Linux is used to list any directory?", "value": 25, "category": "Basics", "hidden": 0, "type": "standard", "max_attempts": 0}, {"id": 17, "name": "Q9", "description": "Which command in Linux tells you the current directory you are at?", "value": 25, "category": "Basics", "hidden": 0, "type": "standard", "max_attempts": 0}, {"id": 18, "name": "Q10", "description": "Which command is used to dump packets from a interface?", "value": 25, "category": "Basics", "hidden": 0, "type": "standard", "max_attempts": 0}, {"id": 19, "name": "Q11", "description": "What happens when two entities have the same hash? It is called a hash _______ ?", "value": 25, "category": "Basics", "hidden": 0, "type": "standard", "max_attempts": 0}, {"id": 20, "name": "Q12", "description": "What command do you use in linux to see the commands that you have typed previously?", "value": 25, "category": "Basics", "hidden": 0, "type": "standard", "max_attempts": 0}, {"id": 21, "name": "Q13", "description": "What is the command that is used to move between directories?", "value": 25, "category": "Basics", "hidden": 0, "type": "standard", "max_attempts": 0}, {"id": 22, "name": "Q14", "description": "What is the command in Linux that we need to use to find out our ip address? (the one word command)", "value": 25, "category": "Basics", "hidden": 0, "type": "standard", "max_attempts": 0}, {"id": 23, "name": "Q15", "description": "What is the full word for MITM? (Answer all in small caps)", "value": 25, "category": "Basics", "hidden": 0, "type": "standard", "max_attempts": 0}, {"id": 24, "name": "Q16", "description": "For the attack in question 15 to happen, what must happen? An ARP ________?", "value": 25, "category": "Basics", "hidden": 0, "type": "standard", "max_attempts": 0}, {"id": 25, "name": "Q17", "description": "What tool do you use to do a ping sweep and port scan?", "value": 25, "category": "Basics", "hidden": 0, "type": "standard", "max_attempts": 0}, {"id": 26, "name": "Q18", "description": "What is the type of shell that initiates a connection to the victim? ____ shell.", "value": 25, "category": "Basics", "hidden": 0, "type": "standard", "max_attempts": 0}, {"id": 27, "name": "Q19", "description": "What is the type of shell that initiates a connection from the victim? ____ shell.", "value": 25, "category": "Basics", "hidden": 0, "type": "standard", "max_attempts": 0}, {"id": 28, "name": "Q20", "description": "What is the output given after a port scan on a system with firewall? Instead of port closed, it says port _____?", "value": 25, "category": "Basics", "hidden": 0, "type": "standard", "max_attempts": 0}, {"id": 29, "name": "Time for an Injection", "description": "I want to access the admin page, but I don't know the correct credentials. Can you tell me what is written on the admin page?\r\n\r\nPS: If the headers on the admin page is \"ADMIN PAGE\" (without quotes), the flag is WHITEHACKS{admin_page}\r\n\r\nVisit http://needles.whitehacks.ctf.sg/search.php to view the web application.\r\nVisit http://needles.whitehacks.ctf.sg/index.php to login", "value": 50, "category": "Web", "hidden": 0, "type": "standard", "max_attempts": 0}, {"id": 30, "name": "Altair I", "description": "I received a report that the website has been hacked before. The perpetrator has broken a flag into 3 \r\nparts and scattered them all throughout the site. We need to find them in order to obtain proof of compromise.\r\n\r\nPS: If the subflags are `flag-1-abc`, `flag-2-def`, `flag-3-ghi`, the flag to be submitted shall be `WHITEHACKS{abc_def_ghi}` (All in lowercase).\r\n\r\nnc altair.whitehacks.ctf.sg 80", "value": 200, "category": "Trinity - Altair", "hidden": 1, "type": "standard", "max_attempts": 0}, {"id": 31, "name": "Altair II", "description": "The owner of this site has hidden his plans for world domination in the blog. Unfortunately, \r\nour flag seems to be mixed up in it. Retrieve it and return the flag to us, the rightful owners.\r\n\r\nnc altair.whitehacks.ctf.sg 80", "value": 200, "category": "Trinity - Altair", "hidden": 1, "type": "standard", "max_attempts": 0}, {"id": 32, "name": "Altair III", "description": "Sources tell us that the root flag is at `/root/flag`. Intuitive, isn't it?\r\n\r\nnc altair.whitehacks.ctf.sg 80", "value": 200, "category": "Trinity - Altair", "hidden": 1, "type": "standard", "max_attempts": 0}, {"id": 33, "name": "Deneb I", "description": "ReCon SG was a cybersecurity competition, precedent only to WhiteHacks@SG in a parallel universe. Such an \r\nevent did not exist in our timeline, yet we have located this suspicious website as of late. The owner of \r\nthis otherworldly website told us that he was a whitehacks co-organizer from the future! Proof of this can \r\nbe found in a flag located in the `/home/whitehacks` folder. Find it and submit its contents for analysis.\r\n\r\nnc deneb.whitehacks.ctf.sg 80", "value": 250, "category": "Trinity - Deneb", "hidden": 1, "type": "standard", "max_attempts": 0}, {"id": 34, "name": "Deneb II", "description": "After proving his allegiance to the WhiteHacks@SG community, he told us that he hid another flag in the root \r\ndirectory as it contains access to a message from the future. He also told us that proper enumeration and \r\nunderstanding of the operating system is crucial to gaining access to the flag. Reveal the contents of the flag.\r\n\r\nnc deneb.whitehacks.ctf.sg 80", "value": 250, "category": "Trinity - Deneb", "hidden": 1, "type": "standard", "max_attempts": 0}, {"id": 35, "name": "Vega I", "description": "One of our undercover agents who was sent to take down this website trafficking alien kittens was found out. In fear of his lives, he has fled the country, but not before dropping the password in the form of a `hint` on the website to unlock all the incriminating evidence that he has sent us. However, our communications got cut when the enemy was found eavesdropping on the conversation. It is up to you, Agent 470, to find this hint and uncover the secret password.\r\n\r\nnc vega.whitehacks.ctf.sg 80\r\n\r\nPS: If the secret password found is `Secret_Password`, the flag to be submitted is WHITEHACKS{secret_password}.", "value": 300, "category": "Trinity - Vega", "hidden": 1, "type": "standard", "max_attempts": 0}, {"id": 36, "name": "Vega II", "description": "Unlocking the evidence archive reveals an intricate internal network which consists of a hidden internal network. We believe that more incriminating evidence can be found there. Infiltrate a server that has access to the internal network and submit the flag found in the root folder.\r\n\r\nnc vega.whitehacks.ctf.sg 80", "value": 300, "category": "Trinity - Vega", "hidden": 1, "type": "standard", "max_attempts": 0}, {"id": 37, "name": "Vega III", "description": "After gaining access to the internal network, you receive two hints that simply says: \"Unraveling the Dream within the Dream\" as well as \"After this, there is no turning back. You take the blue pill-the story ends, \r\nyou wake up in your bed and believe whatever you want to believe. You take the red pill-you stay in Wonderland, and I show you how deep the rabbit hole goes.\". \r\nAfter thinking hard for a while, you suddenly had a hunch behind the meaning of the words and proceed to obtain the last flag.\r\n\r\nnc vega.whitehacks.ctf.sg 80", "value": 300, "category": "Trinity - Vega", "hidden": 1, "type": "standard", "max_attempts": 0}, {"id": 38, "name": "WhiteHacks@SG VM I", "description": "What is the hostname of the machine?\r\n\r\nDownload the VM here: https://drive.google.com/open?id=15yBQz2CUrYFEYyCGoGjLnspyihOhBiSp", "value": 10, "category": "Misc", "hidden": 0, "type": "standard", "max_attempts": 0}, {"id": 39, "name": "WhiteHacks@SG VM II", "description": "What is the currently logged in user?", "value": 10, "category": "Misc", "hidden": 0, "type": "standard", "max_attempts": 0}, {"id": 40, "name": "WhiteHacks@SG VM III", "description": "What is the command 'ls' aliased to?", "value": 10, "category": "Misc", "hidden": 0, "type": "standard", "max_attempts": 0}, {"id": 41, "name": "WhiteHacks@SG VM IV", "description": "What is the full path of the binary that will be executed when you key in \"tee\" in the terminal window?", "value": 10, "category": "Misc", "hidden": 0, "type": "standard", "max_attempts": 0}, {"id": 42, "name": "WhiteHacks@SG VM V", "description": "Which of the following commands will open the manual page for 'nmap'?\r\n\r\n- help nmap\r\n- man nmap\r\n- manual nmap\r\n- nmap --manual", "value": 10, "category": "Misc", "hidden": 0, "type": "standard", "max_attempts": 0}, {"id": 43, "name": "WhiteHacks@SG VM VI", "description": "I have received a notice that this machine has a suspicious service running on an obscure port. Find it and submit the flag that it contains.", "value": 20, "category": "Misc", "hidden": 0, "type": "standard", "max_attempts": 0}, {"id": 44, "name": "WhiteHacks@SG VM VII", "description": "What type of file is /home/whitehacks/file?", "value": 20, "category": "Misc", "hidden": 0, "type": "standard", "max_attempts": 0}, {"id": 45, "name": "WhiteHacks@SG VM VIII", "description": "There is a hidden file in /home/whitehacks. Find it and submit the flag in it.", "value": 20, "category": "Misc", "hidden": 0, "type": "standard", "max_attempts": 0}, {"id": 46, "name": "WhiteHacks@SG VM IX", "description": "Which user on this system is the equivalent of superuser besides 'root'?", "value": 20, "category": "Misc", "hidden": 0, "type": "standard", "max_attempts": 0}, {"id": 47, "name": "WhiteHacks@SG VM X", "description": "This user can run certain programs with root privileges. One of them enables you to get the flag. Submit the flag provided by that binary.", "value": 20, "category": "Misc", "hidden": 0, "type": "standard", "max_attempts": 0}, {"id": 48, "name": "WhiteHacks@SG VM XI", "description": "Which user does not have a home directory that belongs to them?", "value": 20, "category": "Misc", "hidden": 0, "type": "standard", "max_attempts": 0}, {"id": 49, "name": "WhiteHacks@SG VM XII", "description": "At /home/wozhixiaoli, there is a suspiciously large file. Find and submit the word from a line that is different from the others.", "value": 20, "category": "Misc", "hidden": 0, "type": "standard", "max_attempts": 0}, {"id": 50, "name": "WhiteHacks@SG VM XIII", "description": "Find a way to reset the root password of your liking. Afterwards, submit the contents of /root/flag.txt", "value": 30, "category": "Misc", "hidden": 0, "type": "standard", "max_attempts": 0}, {"id": 51, "name": "Welcome!", "description": "Welcome! Here is your welcome gift!\r\n\r\nFlag: `WHITEHACKS{@nD_SO_It_b3g1n5}`", "value": 1, "category": "", "hidden": 0, "type": "standard", "max_attempts": 0}], "meta": {}}