{"count": 23, "results": [{"id": 1, "type": 0, "chal": 1, "hint": "The flag is located on the client-side.", "cost": 10}, {"id": 2, "type": 0, "chal": 1, "hint": "The algorithm to encrypt the flag, as well as the flag itself, is located at the bottom of the page.", "cost": 20}, {"id": 3, "type": 0, "chal": 1, "hint": "If the website is encrypting your input to compare with the encrypted flag, maybe you can use the same algorithm to decrypt the flag instead?", "cost": 30}, {"id": 4, "type": 0, "chal": 2, "hint": "The flag is in the environment variable.", "cost": 10}, {"id": 5, "type": 0, "chal": 2, "hint": "This is a LFI vulnerability, where you can read any files on the system. There is a way to read environment variables from a special file on Linux.", "cost": 20}, {"id": 6, "type": 0, "chal": 2, "hint": "environ", "cost": 30}, {"id": 7, "type": 0, "chal": 3, "hint": "In case you didn't know, 'Kuuki' sounds like 'Cookie'. The way to solve this challenge involves HTTP cookies.", "cost": 10}, {"id": 8, "type": 0, "chal": 3, "hint": "In case you didn't know, the web application runs any command specified in the cookie. Really, **ANY** Linux command will do. You need to find a way to edit the cookie value with the command you need to read the flag.", "cost": 20}, {"id": 9, "type": 0, "chal": 3, "hint": "Everytime you load or refresh the page, the webpage will reset the command in the cookie. The `'#'` sign comments out any command that was in the cookie beforehand.\r\n\r\nInitial cookie value: `'cat content.php # '`", "cost": 30}, {"id": 10, "type": 0, "chal": 4, "hint": "This is a Command Injection vulnerability.", "cost": 10}, {"id": 11, "type": 0, "chal": 4, "hint": "In Linux, you can execute multiple commands in a single line using `';'`.\r\n\r\nExample: `echo \"WhiteHacks@SG! ; whoami`", "cost": 20}, {"id": 12, "type": 0, "chal": 4, "hint": "The webpage is running a ping service. Any input will be appended to a command like `ping <IP Address>`. Maybe you can execute your own commands after the ping command is done?", "cost": 30}, {"id": 13, "type": 0, "chal": 5, "hint": "Find out what is the purpose of `robots.txt` in a Website.", "cost": 10}, {"id": 14, "type": 0, "chal": 6, "hint": "The webpage is running a system monitoring script in `/cgi-bin/stats`, separate from the homepage.", "cost": 10}, {"id": 15, "type": 0, "chal": 6, "hint": "The title is a dead giveaway.", "cost": 20}, {"id": 16, "type": 0, "chal": 6, "hint": "CVE-2014-6271", "cost": 30}, {"id": 17, "type": 0, "chal": 7, "hint": "Right Click, View Source.", "cost": 10}, {"id": 18, "type": 0, "chal": 8, "hint": "The challenge is running a SSH service. Apparently, the credentials needed to crack it is very weak. Maybe you can brute force or use a dictionary to get in?", "cost": 10}, {"id": 19, "type": 0, "chal": 8, "hint": "The title suggest that there is a daemon (service) running internally, hence my inner daemon. Which means a service that is listening on localhost.", "cost": 20}, {"id": 20, "type": 0, "chal": 8, "hint": "Is there something wrong with version 2.3.4 of vsftpd?", "cost": 30}, {"id": 21, "type": 0, "chal": 29, "hint": "http://pentestmonkey.net/cheat-sheet/sql-injection/mysql-sql-injection-cheat-sheet", "cost": 10}, {"id": 22, "type": 0, "chal": 29, "hint": "The `UNION` operator is very useful in this scenario.", "cost": 20}, {"id": 23, "type": 0, "chal": 29, "hint": "What? You say you've forgotten how to do SQL injection? Here, let me help you refresh your memory: https://www.acunetix.com/websitesecurity/sql-injection/", "cost": 30}], "meta": {}}