{"count": 51, "results": [{"id": 1, "chal": 1, "type": "static", "flag": "WHITEHACKS{J@VASCript_n0_GuD_4_@utH}", "data": null}, {"id": 2, "chal": 2, "type": "static", "flag": "WHITEHACKS{Y0u_doNT_g3t_2_C@LL_M1_@DM1N_1_D0}", "data": null}, {"id": 3, "chal": 3, "type": "static", "flag": "WHITEHACKS{wh0_@sk3d_y0U_tO_rUN_c0mm@nD5_Fr0m_kuUK1s}", "data": null}, {"id": 4, "chal": 4, "type": "static", "flag": "WHITEHACKS{1_p1nG_y0u_p0nG}", "data": null}, {"id": 5, "chal": 5, "type": "static", "flag": "WHITEHACKS{r0BoT5_Txt_1s_r3vE@lIng}", "data": null}, {"id": 6, "chal": 6, "type": "static", "flag": "WHITEHACKS{p1k@chu_us3_tHUnd3r_sh3Llsh0CK}", "data": null}, {"id": 7, "chal": 7, "type": "static", "flag": "WHITEHACKS{c0MM3nT5_c@n_b3_foUNd_hEr3_@nd_b3_F0unD_h3R3}", "data": null}, {"id": 8, "chal": 8, "type": "static", "flag": "WHITEHACKS{s0_Y0u_@rE_t3ll1nG_m3_th@t_YOU_C@me_1n_fr0M_th3_baCk}", "data": null}, {"id": 9, "chal": 9, "type": "static", "flag": "ping", "data": null}, {"id": 10, "chal": 10, "type": "static", "flag": "tracert", "data": null}, {"id": 11, "chal": 11, "type": "static", "flag": "177.222.123.0", "data": null}, {"id": 12, "chal": 12, "type": "static", "flag": "65535", "data": null}, {"id": 13, "chal": 13, "type": "static", "flag": "find", "data": null}, {"id": 14, "chal": 14, "type": "static", "flag": "grep", "data": null}, {"id": 15, "chal": 15, "type": "static", "flag": "wireshark", "data": null}, {"id": 16, "chal": 16, "type": "static", "flag": "ls", "data": null}, {"id": 17, "chal": 17, "type": "static", "flag": "pwd", "data": null}, {"id": 18, "chal": 18, "type": "static", "flag": "tcpdump", "data": null}, {"id": 19, "chal": 19, "type": "static", "flag": "collision", "data": null}, {"id": 20, "chal": 20, "type": "static", "flag": "history", "data": null}, {"id": 21, "chal": 21, "type": "static", "flag": "cd", "data": null}, {"id": 22, "chal": 22, "type": "static", "flag": "ifconfig", "data": null}, {"id": 23, "chal": 23, "type": "static", "flag": "man in the middle", "data": null}, {"id": 24, "chal": 24, "type": "static", "flag": "poisoning", "data": null}, {"id": 25, "chal": 25, "type": "static", "flag": "nmap", "data": null}, {"id": 26, "chal": 26, "type": "static", "flag": "bind", "data": null}, {"id": 27, "chal": 27, "type": "static", "flag": "reverse", "data": null}, {"id": 28, "chal": 28, "type": "static", "flag": "filtered", "data": null}, {"id": 29, "chal": 29, "type": "static", "flag": "WHITEHACKS{super_secret_admin_page}", "data": null}, {"id": 30, "chal": 30, "type": "static", "flag": "WHITEHACKS{Z9SupfhpGmp1htDW57OP_DiFoLf7aSDLmdjJOnvTS_WD6vu9O9q10UHLzm9LqT}", "data": null}, {"id": 31, "chal": 31, "type": "static", "flag": "WHITEHACKS{w0rLD_DOM1n@tIon_st@rtS_w1th_g3ttiNG_P@st_th3_l0g1n_p@ge}", "data": null}, {"id": 32, "chal": 32, "type": "static", "flag": "WHITEHACKS{H3y_hUU_l3FT_my_NM@p_1n_th3_sysT3m}", "data": null}, {"id": 33, "chal": 33, "type": "static", "flag": "WHITEHACKS{1_f0UNd_y0u_l1ttl3_fuL1_sTOp}", "data": null}, {"id": 34, "chal": 34, "type": "static", "flag": "WHITEHACKS{d3nEb_5UP_sUp_5w@Y}", "data": null}, {"id": 35, "chal": 35, "type": "static", "flag": "WHITEHACKS{hail_mary_whitehacks}", "data": null}, {"id": 36, "chal": 36, "type": "static", "flag": "WHITEHACKS{t5k_TSk_p@ssw0rd_r3uSe}", "data": null}, {"id": 37, "chal": 37, "type": "static", "flag": "WHITEHACKS{V3G@_ch@1_n0_kick_l@}", "data": null}, {"id": 38, "chal": 38, "type": "static", "flag": "WhiteHacksSG", "data": null}, {"id": 39, "chal": 39, "type": "static", "flag": "whitehacks", "data": null}, {"id": 40, "chal": 40, "type": "static", "flag": "ls --color=auto", "data": null}, {"id": 41, "chal": 41, "type": "static", "flag": "/usr/bin/tee", "data": null}, {"id": 42, "chal": 42, "type": "static", "flag": "man nmap", "data": null}, {"id": 43, "chal": 43, "type": "static", "flag": "WHITEHACKS{B@CKDOOR_No_BaCKD00R}", "data": null}, {"id": 44, "chal": 44, "type": "static", "flag": "ASCII text", "data": null}, {"id": 45, "chal": 45, "type": "static", "flag": "WHITEHACKS{0NE_D0T_iS_@LL_iT_T@K3S}", "data": null}, {"id": 46, "chal": 46, "type": "static", "flag": "buzhixiaoli", "data": null}, {"id": 47, "chal": 47, "type": "static", "flag": "WHITEHACKS{sUD0?_SuG0I!}", "data": null}, {"id": 48, "chal": 48, "type": "static", "flag": "wozhixiaoli", "data": null}, {"id": 49, "chal": 49, "type": "static", "flag": "kitsune", "data": null}, {"id": 50, "chal": 50, "type": "static", "flag": "WHITEHACKS{PHYS1C@L_@CC3SS_3QU@LS_PWNeD}", "data": null}, {"id": 51, "chal": 51, "type": "static", "flag": "WHITEHACKS{@nD_SO_It_b3g1n5}", "data": null}], "meta": {}}