{"count": 1, "results": [{"id": 1, "route": "index", "html": "<div class=\"row\">\r\n    <div class=\"col-md-6 offset-md-3\">\r\n        <br>\r\n        <h3 class=\"text-center\">\r\n            Welcome to WhiteHacks@SG'18 Capture-The-Flag competition!\r\n        </h3>\r\n        <br>\r\n        <p>Here are some house rules:</p>\r\n        <ol>\r\n        \t<li>DO NOT attack other players</li>\r\n            <li>DO NOT attempt to bring down the server</li>\r\n            <li>Do not attempt to break into other platforms (e.g. port scan SMU-related websites, or non competition servers/websites)\r\n            <br>\r\n\t\t\t<strong>ONLY the 192.168.123.x range i.e. 192.168.123.0/24</strong></li>\r\n            <li>You are allowed to use the internet (and are encouraged to do so)</li>\r\n            <li>Do not do any physical exploits</li>\r\n            <li>Do not attack the network infrastructure</li>\r\n        </ol>\r\n        <h2>Minor Cases:</h2>\r\n        <h3><strong>Deduction of 200 points</strong> from final team score</h3>\r\n        \r\n        <h2>OR in Serious Cases:</h2>\r\n        <h3><strong>Disqualification</strong></h3>\r\n        <h3><strong>Police Report Will Be Made</strong></h3>\r\n    </div>\r\n</div>", "auth_required": 0, "draft": 0, "title": null}], "meta": {}}